medical_specialty,readmission_rate,count
Family/GeneralPractice,0.4952178533475027,1882
Emergency/Trauma,0.49389920424403183,1885
Cardiology,0.44996451383960256,1409
InternalMedicine,0.4476858345021038,3565
Other,0.4147897897897898,2664
Surgery,0.41220115416323166,1213
